Tarih,Urun,Musteri_Segmenti,Adet,Birim_Fiyat,Toplam_Satis
2026-01-05,Laptop,Kurumsal,5,35000,175000
2026-01-12,Monitor,KOBI,8,12000,96000
2026-01-20,Laptop,Bireysel,3,35000,105000
2026-02-03,Telefon,Kurumsal,12,18000,216000
2026-02-15,Monitor,Kurumsal,10,12000,120000
2026-02-22,Laptop,KOBI,7,35000,245000
2026-03-04,Telefon,Bireysel,15,18000,270000
2026-03-11,Laptop,Kurumsal,9,35000,315000
2026-03-19,Monitor,KOBI,12,12000,144000
2026-03-27,Telefon,Kurumsal,10,18000,180000
2026-04-06,Laptop,Bireysel,4,35000,140000
2026-04-14,Monitor,Kurumsal,15,12000,180000
2026-04-21,Telefon,KOBI,18,18000,324000
2026-05-03,Laptop,Kurumsal,11,35000,385000
2026-05-17,Monitor,Bireysel,6,12000,72000
2026-05-25,Telefon,Kurumsal,14,18000,252000
2026-06-08,Laptop,KOBI,8,35000,280000
2026-06-16,Monitor,Kurumsal,13,12000,156000
2026-06-24,Telefon,Bireysel,20,18000,360000
2026-06-29,Laptop,Kurumsal,10,35000,350000
